{
  "_generated": "Generated by SweetTooth, do not edit",
  "description": "## UNMAINTAINED ##\n\nThe original version of Arc Menu and all attached repositories apart from the disaster recovery branch will no longer receive updates or further development.\n\nKind Regards - LinxGem33 (Andy C)",
  "extension-id": "arc-menu",
  "gettext-domain": "arc-menu",
  "name": "Arc Menu",
  "settings-schema": "org.gnome.shell.extensions.arc-menu",
  "shell-version": [
    "3.36",
    "3.38"
  ],
  "url": "https://gitlab.com/LinxGem33/Arc-Menu",
  "uuid": "arc-menu@linxgem33.com",
  "version": 48
}